iter	MultiClass
0	11.0953697
1	44.82152615
2	55.1350421
3	52.18475185
4	67.60185761
5	98.00786371
6	87.39619468
7	82.99676445
8	77.52018604
9	109.8041829
