iter	MultiClass
0	12.70926319
1	52.02092739
2	113.2912659
3	43.99700317
4	59.8466844
5	60.14191902
6	76.94341046
7	85.62238104
8	73.81369439
9	66.64648806
